{"cameraMode":{"drawMode":0,"name":"Shaded","section":"Shading Mode"},"sceneLighting":true,"audioPlay":false,"sceneViewState":{"m_AlwaysRefresh":false,"showFog":true,"showSkybox":true,"showFlares":true,"showImageEffects":true,"showParticleSystems":true,"showVisualEffectGraphs":true,"m_FxEnabled":true},"in2DMode":false,"pivot":{"x":41.980735778808597,"y":20.282806396484376,"z":40.16563034057617},"rotation":{"x":-0.09668944776058197,"y":-0.2929134964942932,"z":0.030051521956920625,"w":-0.9509312510490418},"size":0.8561949133872986,"orthographic":false}